City_ID,City,Country,Date,Lat,Lng,Max Temp,Humidity,Cloudiness,Wind Speed
0,Bentiu,SS,2022-01-30 22:04:47,9.2333,29.8333,74.28,19,100,7.0
1,Hanmer Springs,NZ,2022-01-30 22:06:29,-42.5167,172.8167,74.37,44,7,4.25
2,Tadine,NC,2022-01-30 22:06:14,-21.55,167.8833,81.88,80,96,9.24
3,Hobart,AU,2022-01-30 22:04:52,-42.8794,147.3294,69.12,80,20,6.91
4,Hermanus,ZA,2022-01-30 22:04:51,-34.4187,19.2345,71.91,86,97,12.95
5,Jalingo,NG,2022-01-30 22:06:30,8.8833,11.3667,72.84,19,50,5.84
6,Nanortalik,GL,2022-01-30 22:06:30,60.1432,-45.2371,16.25,88,100,21.97
7,Lasa,IT,2022-01-30 22:05:22,46.6166,10.7002,35.69,46,13,6.78
8,Mar Del Plata,AR,2022-01-30 22:06:31,-38.0023,-57.5575,66.87,86,40,18.01
9,Rikitea,PF,2022-01-30 22:05:57,-23.1203,-134.9692,76.55,69,100,4.16
10,Anzio,IT,2022-01-30 22:06:32,41.4853,12.6179,49.32,77,29,2.44
11,Saint-Philippe,RE,2022-01-30 22:05:39,-21.3585,55.7679,78.39,82,46,11.36
12,Nishihara,JP,2022-01-30 22:03:49,26.1842,127.7558,58.28,55,75,13.8
13,Black River,JM,2022-01-30 22:06:33,18.0264,-77.8487,72.99,76,78,11.07
14,West Monroe,US,2022-01-30 22:06:34,32.5185,-92.1476,71.6,20,0,9.22
15,Nome,US,2022-01-30 22:06:34,64.5011,-165.4064,-4.85,77,0,0.0
16,Adrar,MR,2022-01-30 22:04:47,20.5022,-10.0711,75.31,13,100,10.11
17,Ilulissat,GL,2022-01-30 22:04:46,69.2167,-51.1,5.02,56,75,13.8
18,Longyearbyen,SJ,2022-01-30 22:06:21,78.2186,15.6401,8.44,61,0,20.71
19,Dunedin,NZ,2022-01-30 22:06:36,-45.8742,170.5036,66.79,71,0,17.0
20,Cape Town,ZA,2022-01-30 22:04:23,-33.9258,18.4232,73.81,77,0,3.0
21,Rongcheng,CN,2022-01-30 22:06:36,30.634,117.8517,34.54,85,93,1.66
22,Punta Arenas,CL,2022-01-30 22:03:56,-53.15,-70.9167,51.91,50,75,23.02
23,Ribeira Grande,PT,2022-01-30 22:04:19,38.5167,-28.7,59.13,73,47,26.37
24,Quelimane,MZ,2022-01-30 22:06:37,-17.8786,36.8883,74.68,86,3,2.59
25,Barrow,US,2022-01-30 22:02:32,71.2906,-156.7887,-7.58,84,100,10.36
26,Hilo,US,2022-01-30 22:06:24,19.7297,-155.09,78.12,58,40,8.05
27,Mataura,NZ,2022-01-30 22:06:38,-46.1927,168.8643,68.49,68,48,0.47
28,Puerto Ayora,EC,2022-01-30 22:06:02,-0.7393,-90.3518,82.36,73,100,8.79
29,Challapata,BO,2022-01-30 22:06:39,-18.9,-66.7667,57.36,51,91,1.07
30,Leningradskiy,RU,2022-01-30 22:02:50,69.3833,178.4167,-14.04,94,90,3.74
31,Orange Park,US,2022-01-30 22:01:52,30.1661,-81.7065,58.01,34,0,1.01
32,Bredasdorp,ZA,2022-01-30 22:06:40,-34.5322,20.0403,69.28,90,85,10.4
33,Dubovskoye,RU,2022-01-30 22:06:41,47.4092,42.7575,33.58,96,100,16.4
34,Sambava,MG,2022-01-30 22:06:42,-14.2667,50.1667,76.59,89,51,10.29
35,Albany,US,2022-01-30 22:03:58,42.6001,-73.9662,19.15,41,11,4.0
36,Kapaa,US,2022-01-30 22:06:42,22.0752,-159.319,80.47,72,0,1.01
37,Bengkulu,ID,2022-01-30 22:06:03,-3.8004,102.2655,75.72,89,100,3.8
38,Airai,TL,2022-01-30 22:06:43,-8.9266,125.4092,60.91,90,82,4.03
39,Constitucion,CL,2022-01-30 22:06:44,-35.3333,-72.4167,65.75,67,5,19.95
40,Yellowknife,CA,2022-01-30 22:06:36,62.456,-114.3525,-6.59,83,100,8.99
41,Yumen,CN,2022-01-30 22:06:44,40.2833,97.2,14.25,44,100,6.46
42,Iqaluit,CA,2022-01-30 22:06:45,63.7506,-68.5145,-16.87,76,20,3.44
43,Bilibino,RU,2022-01-30 22:06:45,68.0546,166.4372,-12.64,96,75,5.12
44,Malibu,US,2022-01-30 22:06:46,34.005,-118.8101,78.51,47,0,3.0
45,Acari,PE,2022-01-30 22:07:47,-15.4311,-74.6158,76.05,65,75,9.8
46,Fortuna,US,2022-01-30 22:06:53,40.5982,-124.1573,60.42,73,0,1.99
47,Baloda,IN,2022-01-30 22:07:47,22.15,82.4833,55.02,34,4,3.96
48,Skibbereen,IE,2022-01-30 22:06:44,51.55,-9.2667,46.2,76,94,16.82
49,Pisco,PE,2022-01-30 22:04:48,-13.7,-76.2167,73.45,68,75,4.61
50,Hasaki,JP,2022-01-30 22:02:49,35.7333,140.8333,30.6,48,100,16.82
51,Arman,RU,2022-01-30 22:07:48,59.7,150.1667,5.07,77,100,14.5
52,Vaini,TO,2022-01-30 22:07:49,-21.2,-175.2,80.15,77,100,12.71
53,Tiksi,RU,2022-01-30 22:07:49,71.6872,128.8694,-18.11,100,96,4.45
54,Tuatapere,NZ,2022-01-30 22:07:50,-46.1333,167.6833,68.83,68,17,2.59
55,Jamestown,US,2022-01-30 22:03:37,42.097,-79.2353,20.52,55,100,3.0
56,Margate,GB,2022-01-30 22:07:51,51.3813,1.3862,44.31,78,94,5.99
57,Ambilobe,MG,2022-01-30 22:07:51,-13.2,49.05,74.39,93,86,1.88
58,Busselton,AU,2022-01-30 22:04:06,-33.65,115.3333,64.09,64,90,18.16
59,Chuy,UY,2022-01-30 22:07:52,-33.6971,-53.4616,73.56,68,20,14.29
60,Yuci,CN,2022-01-30 22:07:52,37.6803,112.7319,17.35,38,0,8.95
61,Atuona,PF,2022-01-30 22:07:12,-9.8,-139.0333,78.08,77,11,13.69
62,Dikson,RU,2022-01-30 22:04:45,73.5069,80.5464,-3.62,93,100,21.07
63,Olean,US,2022-01-30 22:06:26,42.0776,-78.4297,20.08,67,100,0.0
64,Grindavik,IS,2022-01-30 22:06:38,63.8424,-22.4338,27.07,68,75,36.82
65,Olinda,BR,2022-01-30 22:03:02,-8.0089,-34.8553,83.93,70,75,9.22
66,Hithadhoo,MV,2022-01-30 22:07:54,-0.6,73.0833,81.55,70,86,9.4
67,Talovaya,RU,2022-01-30 22:07:55,51.1144,40.73,31.26,96,100,17.56
68,Namibe,AO,2022-01-30 22:07:55,-15.1961,12.1522,73.26,71,100,5.23
69,Ushuaia,AR,2022-01-30 22:05:39,-54.8,-68.3,46.06,66,75,29.93
70,Swinoujscie,PL,2022-01-30 22:03:51,53.9105,14.2471,37.49,80,31,20.2
71,Sao Filipe,CV,2022-01-30 22:07:57,14.8961,-24.4956,70.99,74,99,14.36
72,Bethel,US,2022-01-30 22:07:57,41.3712,-73.414,23.76,50,24,4.23
73,Narsaq,GL,2022-01-30 22:07:58,60.9167,-46.05,21.42,72,100,17.52
74,Qaqortoq,GL,2022-01-30 22:07:59,60.7167,-46.0333,21.7,63,100,16.82
75,Otane,NZ,2022-01-30 22:07:59,-39.8833,176.6333,69.01,60,100,3.98
76,Vila Velha,BR,2022-01-30 22:03:30,-20.3297,-40.2925,79.95,82,0,1.01
77,Belmonte,BR,2022-01-30 22:08:00,-15.8631,-38.8828,81.1,82,9,11.18
78,Rassvet,RU,2022-01-30 22:08:00,46.8333,40.75,34.03,99,100,8.95
79,Lorengau,PG,2022-01-30 22:04:13,-2.0226,147.2712,78.69,86,100,11.9
80,Erdenet,MN,2022-01-30 22:08:01,49.0333,104.0833,-11.69,94,11,4.05
81,Ponta Do Sol,PT,2022-01-30 22:08:01,32.6667,-17.1,65.12,39,1,9.37
82,Carnarvon,AU,2022-01-30 22:08:02,-24.8667,113.6333,77.52,73,57,21.47
83,Tura,IN,2022-01-30 22:08:02,25.5198,90.2201,51.78,59,2,3.31
84,Fremont,US,2022-01-30 22:08:03,37.5483,-121.9886,67.1,59,0,1.99
85,Muroto,JP,2022-01-30 22:08:04,33.2833,134.15,35.64,57,19,15.93
86,Port Elizabeth,ZA,2022-01-30 22:08:04,-33.918,25.5701,71.1,90,94,10.38
87,Palmer,US,2022-01-30 22:05:14,42.1584,-72.3287,19.47,37,20,1.01
88,Sobolevo,RU,2022-01-30 22:03:57,54.4299,31.8996,30.54,92,99,7.14
89,Geraldton,AU,2022-01-30 22:05:22,-28.7667,114.6,70.21,88,75,9.22
90,Nikolskoye,RU,2022-01-30 22:09:05,59.7035,30.7861,27.39,96,100,6.24
91,Christchurch,NZ,2022-01-30 22:08:17,-43.5333,172.6333,72.32,63,21,3.0
92,Kavieng,PG,2022-01-30 22:06:49,-2.5744,150.7967,81.64,75,89,2.28
93,Misratah,LY,2022-01-30 22:09:07,32.3754,15.0925,56.48,67,2,14.97
94,Georgetown,MY,2022-01-30 22:06:16,5.4112,100.3354,80.89,86,20,0.0
95,Luderitz,NA,2022-01-30 22:06:24,-26.6481,15.1594,64.98,87,75,8.39
96,Butaritari,KI,2022-01-30 22:09:08,3.0707,172.7902,82.04,76,17,20.92
97,Mahebourg,MU,2022-01-30 22:09:08,-20.4081,57.7,79.09,94,75,11.5
98,Saskylakh,RU,2022-01-30 22:08:58,71.9167,114.0833,-19.66,100,99,2.37
99,Millinocket,US,2022-01-30 22:09:09,45.6573,-68.7098,14.36,52,0,9.22
100,Alta Floresta,BR,2022-01-30 22:05:56,-9.8756,-56.0861,71.15,96,98,3.6
101,Batagay,RU,2022-01-30 22:09:10,67.6333,134.6333,-35.5,99,53,1.68
102,Atar,MR,2022-01-30 22:09:10,20.5169,-13.0499,79.79,11,100,8.72
103,Severo-Kurilsk,RU,2022-01-30 22:08:58,50.6789,156.125,27.75,95,100,11.05
104,Mareeba,AU,2022-01-30 22:09:11,-17.0,145.4333,78.44,85,100,1.5
105,Novyy Rogachik,RU,2022-01-30 22:09:11,48.6768,44.0608,29.3,93,100,12.12
106,Tasiilaq,GL,2022-01-30 22:09:12,65.6145,-37.6368,8.76,50,96,12.75
107,Kontagora,NG,2022-01-30 22:05:59,10.3999,5.4695,76.59,10,100,11.16
108,Santarem,BR,2022-01-30 22:09:12,-2.4431,-54.7083,78.93,89,75,3.44
109,Corinto,GR,2022-01-30 22:09:13,37.9407,22.9573,46.69,80,36,5.12
110,Cidreira,BR,2022-01-30 22:09:13,-30.1811,-50.2056,73.87,70,6,18.28
111,Petropavlovsk-Kamchatskiy,RU,2022-01-30 22:09:14,53.0452,158.6483,12.79,85,75,6.71
112,Bartica,GY,2022-01-30 22:09:14,6.4,-58.6167,77.32,83,90,4.32
113,Kirakira,SB,2022-01-30 22:09:15,-10.4544,161.9205,83.25,76,92,5.1
114,Celestun,MX,2022-01-30 22:08:21,20.8667,-90.4,71.47,51,2,12.71
115,Genhe,CN,2022-01-30 22:09:16,50.7833,121.5167,-17.88,100,56,0.72
116,Hastings,GB,2022-01-30 22:09:16,50.8552,0.5729,46.9,82,95,22.97
117,East London,ZA,2022-01-30 22:07:07,-33.0153,27.9116,74.61,83,83,15.01
118,Mae Ramat,TH,2022-01-30 22:09:17,16.984,98.5166,54.63,76,41,0.72
119,Do Gonbadan,IR,2022-01-30 22:09:18,30.3586,50.7981,50.95,49,95,2.86
120,Bluff,NZ,2022-01-30 22:09:18,-46.6,168.3333,68.81,85,93,4.43
121,Pingzhuang,CN,2022-01-30 22:09:19,42.0372,119.2889,17.62,63,96,8.05
122,Kaitangata,NZ,2022-01-30 22:09:19,-46.2817,169.8464,68.94,75,16,0.29
123,Bonthe,SL,2022-01-30 22:06:15,7.5264,-12.505,78.57,84,7,8.95
124,Dingle,PH,2022-01-30 22:09:20,10.9995,122.6711,73.74,94,66,3.74
125,Mount Isa,AU,2022-01-30 22:08:23,-20.7333,139.5,74.97,100,75,5.75
126,Ponta Delgada,PT,2022-01-30 22:09:21,37.7333,-25.6667,59.72,77,40,19.57
127,Ust-Kuyga,RU,2022-01-30 22:09:21,70.0167,135.6,-34.42,99,98,4.94
128,Avarua,CK,2022-01-30 22:09:22,-21.2078,-159.775,73.45,94,75,6.91
129,Kahului,US,2022-01-30 22:04:57,20.8947,-156.47,82.42,59,20,18.41
130,Muzambinho,BR,2022-01-30 22:09:23,-21.3758,-46.5256,65.35,97,96,2.48
131,Castro,BR,2022-01-30 22:07:08,-24.7911,-50.0119,63.91,97,98,8.19
132,Arraial Do Cabo,BR,2022-01-30 22:06:55,-22.9661,-42.0278,76.86,88,75,10.36
133,Talnakh,RU,2022-01-30 22:09:24,69.4865,88.3972,-14.67,96,86,8.9
134,Alofi,NU,2022-01-30 22:09:24,-19.0595,-169.9187,73.87,87,100,8.57
135,Maragogi,BR,2022-01-30 22:09:14,-9.0122,-35.2225,79.79,79,100,9.62
136,Cayenne,GF,2022-01-30 22:06:18,4.9333,-52.3333,78.1,87,24,11.01
137,Chokurdakh,RU,2022-01-30 22:10:25,70.6333,147.9167,-29.99,93,16,2.8
138,Esperance,AU,2022-01-30 22:06:02,-33.8667,121.9,67.89,78,45,13.06
139,Pevek,RU,2022-01-30 22:09:29,69.7008,170.3133,-13.88,96,99,1.99
140,Gusau,NG,2022-01-30 22:10:26,12.1628,6.6614,67.66,15,67,11.95
141,Gigmoto,PH,2022-01-30 22:10:26,13.7796,124.39,76.69,89,43,9.15
142,Mangan,IN,2022-01-30 22:10:27,27.5167,88.5333,50.13,62,90,3.78
143,Nioro,GM,2022-01-30 22:06:22,13.35,-15.75,85.87,15,82,4.25
144,Emerald,AU,2022-01-30 22:06:51,-23.5333,148.1667,79.34,70,61,11.61
145,Evensk,RU,2022-01-30 22:10:28,61.95,159.2333,20.26,71,100,25.64
146,Yaan,NG,2022-01-30 22:10:28,7.3833,8.5667,81.46,12,100,11.07
147,Padang,ID,2022-01-30 22:10:29,-0.9492,100.3543,75.25,89,100,3.96
148,San Cristobal,VE,2022-01-30 22:09:56,7.7669,-72.225,69.98,65,96,4.61
149,Broome,US,2022-01-30 22:10:30,42.2506,-75.833,19.98,66,75,1.01
150,Wick,GB,2022-01-30 22:10:30,58.4333,-3.0833,39.25,93,100,26.46
151,Berlevag,NO,2022-01-30 22:10:31,70.8578,29.0864,30.2,93,100,6.91
152,Burgersdorp,ZA,2022-01-30 22:10:31,-30.9977,26.3286,74.12,48,100,9.01
153,Thompson,CA,2022-01-30 22:10:32,55.7435,-97.8558,4.91,92,100,5.97
154,Cherskiy,RU,2022-01-30 22:06:49,68.75,161.3,-27.58,99,98,1.05
155,Novikovo,RU,2022-01-30 22:10:32,51.1537,37.8879,28.96,93,100,12.41
156,Sorland,NO,2022-01-30 22:05:44,67.667,12.6934,30.27,44,91,6.82
157,Port Alfred,ZA,2022-01-30 22:10:10,-33.5906,26.891,73.78,88,97,17.18
158,Saint George,US,2022-01-30 22:06:14,37.1041,-113.5841,64.87,17,0,1.01
159,Sakaiminato,JP,2022-01-30 22:10:34,35.55,133.2333,35.53,92,100,9.66
160,Tuktoyaktuk,CA,2022-01-30 22:07:16,69.4541,-133.0374,-4.22,96,100,17.13
161,Khatanga,RU,2022-01-30 22:10:34,71.9667,102.5,-5.91,98,99,9.71
162,Dzilam Gonzalez,MX,2022-01-30 22:10:35,21.2833,-88.9333,71.19,49,9,8.43
163,Bereznik,RU,2022-01-30 22:10:35,62.8551,42.7072,4.87,97,100,4.79
164,Natchitoches,US,2022-01-30 22:10:36,31.7668,-93.1335,70.48,26,0,10.36
165,Kolpashevo,RU,2022-01-30 22:10:36,58.3131,82.9089,3.2,95,98,7.11
166,Mount Gambier,AU,2022-01-30 22:10:06,-37.8333,140.7667,62.51,100,100,3.44
167,Jizan,SA,2022-01-30 22:10:37,17.3333,42.6667,78.13,75,57,5.66
168,Amapa,BR,2022-01-30 22:10:37,1.0,-52.0,72.43,99,87,2.44
169,Axim,GH,2022-01-30 22:10:38,4.8699,-2.2405,78.98,85,98,5.48
170,Shalya,RU,2022-01-30 22:10:38,57.2471,58.7298,5.2,99,99,3.04
171,Bambous Virieux,MU,2022-01-30 22:09:32,-20.3428,57.7575,79.05,94,75,11.5
172,Aykhal,RU,2022-01-30 22:10:39,66.0,111.5,-21.82,100,90,3.69
173,Kondinskoye,RU,2022-01-30 22:07:13,59.6481,67.41,-9.22,100,100,4.03
174,Qaanaaq,GL,2022-01-30 22:07:01,77.484,-69.3632,-8.9,69,100,5.48
175,Heihe,CN,2022-01-30 22:10:41,50.2441,127.4902,-3.42,91,23,6.24
176,North Las Vegas,US,2022-01-30 22:09:46,36.1989,-115.1175,67.15,11,0,6.91
177,Vao,NC,2022-01-30 22:10:41,-22.6667,167.4833,79.07,84,100,5.88
178,Chilca,PE,2022-01-30 22:10:42,-12.5211,-76.7372,75.61,79,84,7.09
179,Kodiak,US,2022-01-30 22:06:33,57.79,-152.4072,26.11,68,0,13.8
180,Kysyl-Syr,RU,2022-01-30 22:10:43,63.8986,122.7617,-27.04,100,99,3.29
181,Bejar,ES,2022-01-30 22:07:37,40.3864,-5.7634,44.58,48,26,4.65
182,New Norfolk,AU,2022-01-30 22:10:44,-42.7826,147.0587,68.76,70,4,2.37
183,Saldanha,ZA,2022-01-30 22:10:44,-33.0117,17.9442,65.32,92,87,8.72
184,Rio Grande,BR,2022-01-30 22:11:45,-32.035,-52.0986,77.95,72,21,19.55
185,Coruripe,BR,2022-01-30 22:11:45,-10.1256,-36.1756,80.17,76,100,9.53
186,Itaqui,BR,2022-01-30 22:11:46,-29.1253,-56.5531,92.52,18,0,8.63
187,Isangel,VU,2022-01-30 22:09:53,-19.55,169.2667,77.27,94,100,9.78
188,Lompoc,US,2022-01-30 22:07:13,34.6391,-120.4579,75.02,43,0,19.57
189,Cabo San Lucas,MX,2022-01-30 22:06:58,22.8909,-109.9124,79.61,60,20,1.99
190,Ancud,CL,2022-01-30 22:10:54,-41.8697,-73.8203,62.13,58,32,12.21
191,Piskivka,UA,2022-01-30 22:11:47,50.6938,29.6193,34.12,94,99,13.42
192,Khasan,RU,2022-01-30 22:11:47,42.4308,130.6434,18.73,50,0,15.43
193,Piacabucu,BR,2022-01-30 22:11:48,-10.4056,-36.4344,80.33,77,94,9.01
194,Mecca,SA,2022-01-30 22:08:58,21.4267,39.8261,69.06,57,98,5.26
195,Mizan Teferi,ET,2022-01-30 22:11:49,6.9833,35.5833,66.36,45,100,0.98
196,Raudeberg,NO,2022-01-30 22:11:49,61.9875,5.1352,33.19,69,100,3.0
197,Beyla,GN,2022-01-30 22:11:50,8.6833,-8.6333,75.58,15,60,3.36
198,Atlantic City,US,2022-01-30 22:11:50,39.3643,-74.4229,26.64,51,0,8.05
199,Castelo Do Piaui,BR,2022-01-30 22:11:51,-5.3222,-41.5525,76.28,69,98,2.59
200,Ahipara,NZ,2022-01-30 22:09:02,-35.1667,173.1667,74.28,56,97,13.11
201,Marawi,PH,2022-01-30 22:08:13,7.9986,124.2928,64.65,92,16,1.54
202,Polunochnoye,RU,2022-01-30 22:11:52,60.8697,60.4153,-10.12,100,100,2.64
203,Gharghoda,IN,2022-01-30 22:11:52,22.1667,83.35,55.44,34,16,2.64
204,Bunia,CD,2022-01-30 22:11:53,1.5667,30.25,71.78,42,100,3.8
205,Helena,US,2022-01-30 22:09:11,46.5927,-112.0361,48.16,47,100,0.0
206,Praia Da Vitoria,PT,2022-01-30 22:11:53,38.7333,-27.0667,58.75,84,48,24.05
207,Namatanai,PG,2022-01-30 22:11:54,-3.6667,152.4333,81.3,77,100,3.29
208,Damaturu,NG,2022-01-30 22:11:54,11.747,11.9608,63.97,18,100,9.04
209,Pangnirtung,CA,2022-01-30 22:11:55,66.1451,-65.7125,-21.03,84,94,5.77
210,Mezen,RU,2022-01-30 22:11:56,65.8522,44.24,9.66,96,100,6.04
211,Salalah,OM,2022-01-30 22:11:56,17.0151,54.0924,69.89,73,0,5.75
212,Fare,PF,2022-01-30 22:08:34,-16.7,-151.0167,80.46,72,22,10.09
213,Acajutla,SV,2022-01-30 22:11:57,13.5928,-89.8275,87.8,46,1,4.05
214,Yulara,AU,2022-01-30 22:09:26,-25.2406,130.9889,74.82,81,100,17.81
215,Bambanglipuro,ID,2022-01-30 22:11:58,-7.95,110.2833,61.61,89,100,4.23
216,Tingi,TZ,2022-01-30 22:11:59,-11.3,35.0333,62.28,93,53,2.59
217,Camacha,PT,2022-01-30 22:09:23,33.0833,-16.3333,61.56,88,20,16.11
218,Eugene,US,2022-01-30 22:10:27,44.0521,-123.0867,56.35,70,100,1.01
219,Torbay,CA,2022-01-30 22:07:08,47.6666,-52.7314,39.38,82,100,7.0
220,Mogadishu,SO,2022-01-30 22:12:00,2.0371,45.3438,77.13,79,88,20.6
221,Coihaique,CL,2022-01-30 22:09:01,-45.5752,-72.0662,56.01,47,40,8.05
222,Chapais,CA,2022-01-30 22:12:01,49.7834,-74.8492,1.18,90,100,7.67
223,Leh,IN,2022-01-30 22:12:01,34.1667,77.5833,7.39,93,100,0.89
224,Gobabis,NA,2022-01-30 22:12:02,-22.45,18.9667,67.01,85,80,13.42
225,Hofn,IS,2022-01-30 22:12:02,64.2539,-15.2082,25.65,51,0,22.35
226,Srednekolymsk,RU,2022-01-30 22:08:22,67.45,153.6833,-27.63,100,100,3.69
227,Rena,NO,2022-01-30 22:12:03,61.1348,11.3641,16.83,90,78,2.73
228,Maniitsoq,GL,2022-01-30 22:10:32,65.4167,-52.9,8.37,81,100,14.65
229,Norman Wells,CA,2022-01-30 22:13:04,65.282,-126.8329,-11.2,97,99,6.53
230,Codrington,AU,2022-01-30 22:13:04,-38.2667,141.9667,67.01,88,54,6.4
231,Cabildo,AR,2022-01-30 22:13:05,-38.4842,-61.8954,63.25,59,34,19.95
232,Arroyo,ES,2022-01-30 22:13:05,41.6096,-4.7969,39.6,64,0,6.91
233,Mineral Wells,US,2022-01-30 22:13:06,32.8085,-98.1128,73.6,11,0,10.36
234,Kutum,SD,2022-01-30 22:13:06,14.2,24.6667,54.5,17,1,13.8
235,Caxito,AO,2022-01-30 22:13:07,-8.5785,13.6643,75.18,93,100,2.28
236,General Pico,AR,2022-01-30 22:13:07,-35.6566,-63.7568,86.34,25,7,12.15
237,Moron,AR,2022-01-30 22:12:01,-34.6534,-58.6198,86.02,48,0,5.01
238,Labuhan,ID,2022-01-30 22:13:08,-6.8844,112.2051,78.01,86,100,8.1
239,Port-Gentil,GA,2022-01-30 22:12:00,-0.7193,8.7815,81.23,79,94,9.42
240,Vostok,RU,2022-01-30 22:08:19,46.4856,135.8833,-21.87,99,66,3.49
241,Okha,RU,2022-01-30 22:10:46,53.5739,142.9478,9.43,93,100,21.47
242,Angoram,PG,2022-01-30 22:13:09,-4.0625,144.0661,73.87,99,100,1.95
243,Kupang,ID,2022-01-30 22:13:10,-10.1667,123.5833,81.18,89,75,11.5
244,Alugan,PH,2022-01-30 22:13:10,12.2188,125.4808,77.49,85,39,2.64
245,Tilichiki,RU,2022-01-30 22:11:39,60.4667,166.1,20.52,73,100,12.84
246,Drumnadrochit,GB,2022-01-30 22:13:11,57.3344,-4.4799,42.62,89,100,21.47
247,Havre-Saint-Pierre,CA,2022-01-30 22:13:12,50.2334,-63.5986,5.36,78,20,14.97
248,Iralaya,HN,2022-01-30 22:13:12,15.0,-83.2333,78.89,71,78,17.47
249,Te Anau,NZ,2022-01-30 22:13:13,-45.4167,167.7167,66.97,70,21,0.67
250,Vila Franca Do Campo,PT,2022-01-30 22:13:13,37.7167,-25.4333,59.41,80,47,15.12
251,Nelson Bay,AU,2022-01-30 22:13:14,-32.7167,152.15,79.09,81,80,4.74
252,Ust-Nera,RU,2022-01-30 22:10:15,64.5667,143.2,-10.26,99,100,1.57
253,Vaitape,PF,2022-01-30 22:13:15,-16.5167,-151.75,80.64,72,12,9.06
254,Mildura,AU,2022-01-30 22:13:15,-34.2,142.15,80.08,55,0,8.3
255,Yar-Sale,RU,2022-01-30 22:13:16,66.8333,70.8333,-6.79,99,88,6.98
256,Jaysingpur,IN,2022-01-30 22:13:17,16.779,74.5564,65.41,52,1,2.08
257,Bardiyah,LY,2022-01-30 22:13:17,31.7561,25.0865,56.25,69,45,22.19
258,Carutapera,BR,2022-01-30 22:09:30,-1.195,-46.02,74.91,94,100,7.47
259,Bertoua,CM,2022-01-30 22:13:18,4.5833,13.6833,71.24,28,92,3.91
260,Kindu,CD,2022-01-30 22:13:19,-2.95,25.95,72.54,83,100,3.02
261,Banjar,ID,2022-01-30 22:13:19,-8.19,114.9675,76.91,91,100,3.27
262,Delyatyn,UA,2022-01-30 22:13:20,48.5235,24.6247,33.21,80,100,16.75
263,Puck,PL,2022-01-30 22:13:20,54.7179,18.4084,37.08,70,99,27.07
264,Port Macquarie,AU,2022-01-30 22:12:36,-31.4333,152.9167,77.9,77,8,4.59
265,Tabou,CI,2022-01-30 22:12:52,4.423,-7.3528,79.79,86,25,7.81
266,Moindou,NC,2022-01-30 22:13:21,-21.6924,165.677,82.35,77,100,7.54
267,Chavakkad,IN,2022-01-30 22:13:22,10.5333,76.05,78.17,77,7,7.76
268,Makakilo City,US,2022-01-30 22:12:15,21.3469,-158.0858,79.12,55,0,13.8
269,Kharp,RU,2022-01-30 22:12:04,66.8014,65.8081,-8.68,99,99,1.43
270,Eureka,US,2022-01-30 22:08:30,40.8021,-124.1637,60.67,76,90,1.99
271,Mana,GF,2022-01-30 22:13:23,5.6592,-53.7767,77.13,82,63,10.27
272,Santa Isabel,BR,2022-01-30 22:13:24,-23.3156,-46.2214,70.9,97,100,2.39
273,Umea,SE,2022-01-30 22:13:24,63.8284,20.2597,13.93,92,0,8.05
274,Lebu,CL,2022-01-30 22:14:25,-37.6167,-73.65,60.28,65,0,20.49
275,Chanthaburi,TH,2022-01-30 22:14:25,12.8333,102.1667,70.14,97,22,1.79
276,Teya,RU,2022-01-30 22:14:26,60.3778,92.6267,-4.25,99,97,2.62
277,San Andres,CO,2022-01-30 22:14:26,12.5847,-81.7006,80.62,74,40,9.22
278,Lagoa,PT,2022-01-30 22:12:27,39.05,-27.9833,58.53,70,50,26.51
279,Deputatskiy,RU,2022-01-30 22:14:27,69.3,139.9,-25.15,100,73,2.3
280,Micheweni,TZ,2022-01-30 22:14:27,-4.9667,39.8333,79.32,79,84,9.64
281,Vardo,NO,2022-01-30 22:14:28,70.3705,31.1107,28.15,80,40,10.36
282,North Bend,US,2022-01-30 22:14:28,43.4065,-124.2243,57.92,85,100,9.22
283,Preobrazheniye,RU,2022-01-30 22:14:29,42.9019,133.9064,11.08,70,3,7.96
284,Berezovka,BY,2022-01-30 22:14:29,53.7214,25.4993,29.26,95,100,19.55
285,Urumqi,CN,2022-01-30 22:14:30,43.801,87.6005,-3.05,85,75,2.24
286,Palaikastron,GR,2022-01-30 22:14:30,35.2,26.25,50.76,74,33,7.23
287,Burnie,AU,2022-01-30 22:14:30,-41.0667,145.9167,72.95,70,12,6.51
288,Souillac,MU,2022-01-30 22:14:31,-20.5167,57.5167,79.18,94,75,11.5
289,Sherbakul,RU,2022-01-30 22:14:32,54.6316,72.3963,6.48,98,92,7.29
290,Price,US,2022-01-30 22:14:32,39.5994,-110.8107,47.12,28,0,0.0
291,Dong Hoi,VN,2022-01-30 22:14:33,17.4833,106.6,64.71,92,98,11.9
292,Haines Junction,CA,2022-01-30 22:13:24,60.7522,-137.5108,9.77,90,98,2.84
293,Manali,IN,2022-01-30 22:14:34,13.1667,80.2667,78.08,83,8,0.92
294,Irati,BR,2022-01-30 22:14:34,-25.4672,-50.6511,64.81,99,71,3.56
295,Kaeo,NZ,2022-01-30 22:14:34,-35.1,173.7833,72.32,76,99,14.61
296,Otradnoye,RU,2022-01-30 22:14:35,59.7775,30.8181,27.55,96,100,6.24
297,Yenotayevka,RU,2022-01-30 22:14:35,47.2456,47.0281,28.47,85,66,7.09
298,Wufeng,CN,2022-01-30 22:14:35,27.45,104.8333,25.38,95,100,2.24
299,Katherine,AU,2022-01-30 22:10:06,-14.4667,132.2667,79.12,83,78,11.5
300,Pljevlja,ME,2022-01-30 22:14:36,43.3333,19.3333,25.59,92,67,3.62
301,Kapoeta,SS,2022-01-30 22:14:37,4.7717,33.5903,81.99,25,53,8.68
302,Arlit,NE,2022-01-30 22:14:37,18.7369,7.3853,65.23,14,1,16.04
303,Faanui,PF,2022-01-30 22:10:35,-16.4833,-151.75,80.6,72,11,9.1
304,Salihorsk,BY,2022-01-30 22:14:38,52.7876,27.5415,30.33,96,100,16.55
305,Touros,BR,2022-01-30 22:14:39,-5.1989,-35.4608,81.5,76,20,12.57
306,Trincomalee,LK,2022-01-30 22:14:39,8.5711,81.2335,79.61,78,19,13.15
307,Bandarbeyla,SO,2022-01-30 22:14:39,9.4942,50.8122,75.54,76,96,15.9
308,Sao Joao Da Barra,BR,2022-01-30 22:14:40,-21.6403,-41.0511,76.77,89,9,9.26
309,Pathein,MM,2022-01-30 22:14:40,16.7833,94.7333,64.85,74,81,5.57
310,Kurchum,KZ,2022-01-30 22:14:41,48.5722,83.6542,-2.27,88,81,0.98
311,Saint Anthony,US,2022-01-30 22:14:41,45.0205,-93.218,24.4,64,0,1.01
312,Kruisfontein,ZA,2022-01-30 22:13:32,-34.0033,24.7314,68.88,96,80,5.3
313,Washougal,US,2022-01-30 22:14:42,45.5826,-122.3534,54.93,67,75,10.36
314,San Patricio,US,2022-01-30 22:10:07,28.017,-97.5169,71.69,54,45,13.47
315,Beverly Hills,US,2022-01-30 22:11:53,34.0736,-118.4004,77.99,44,0,5.01
316,Necochea,AR,2022-01-30 22:14:43,-38.5473,-58.7368,67.03,65,72,20.24
317,Chateau-Gontier,FR,2022-01-30 22:14:44,47.8333,-0.7,44.82,92,14,6.98
318,Dakar,SN,2022-01-30 22:14:31,14.6937,-17.4441,70.68,88,100,18.41
319,Rio Gallegos,AR,2022-01-30 22:15:44,-51.6226,-69.2181,57.25,28,20,31.07
320,Zhigansk,RU,2022-01-30 22:11:20,66.7697,123.3711,-33.05,100,100,2.06
321,Whangamata,NZ,2022-01-30 22:15:45,-37.2,175.8667,75.31,71,96,8.86
322,Dwarka,IN,2022-01-30 22:15:45,22.2394,68.9678,69.85,80,0,9.66
323,Gulariya,NP,2022-01-30 22:15:46,28.2333,81.3333,51.21,77,0,4.27
324,Sitka,US,2022-01-30 22:10:50,57.0531,-135.33,37.29,81,100,5.75
325,Hambantota,LK,2022-01-30 22:12:41,6.1241,81.1185,75.97,89,22,11.92
326,Westfield,US,2022-01-30 22:15:47,42.1251,-72.7495,21.38,39,0,10.36
327,Santa Marta,CO,2022-01-30 22:13:28,11.2408,-74.199,84.88,60,20,3.0
328,Mayskiy,RU,2022-01-30 22:15:47,47.6931,40.1025,35.01,98,100,16.26
329,Taybad,IR,2022-01-30 22:15:48,34.74,60.7756,37.71,73,0,1.41
330,Neuquen,AR,2022-01-30 22:14:05,-38.9516,-68.0591,78.69,14,0,13.8
331,Teahupoo,PF,2022-01-30 22:12:39,-17.8333,-149.2667,78.53,76,94,12.15
332,Komsomolskiy,UZ,2022-01-30 22:15:49,40.4272,71.7189,29.62,86,100,2.3
333,Pauini,BR,2022-01-30 22:15:49,-7.7136,-66.9764,79.29,88,55,2.35
334,Meadow Lake,US,2022-01-30 22:15:50,34.8014,-106.5436,48.97,28,100,2.73
335,Port Hardy,CA,2022-01-30 22:15:50,50.6996,-127.4199,42.76,93,100,6.91
336,Lovozero,RU,2022-01-30 22:15:50,68.005,35.0117,6.76,93,32,6.33
337,Bathsheba,BB,2022-01-30 22:15:51,13.2167,-59.5167,79.41,69,40,13.8
338,Harper,LR,2022-01-30 22:15:51,4.375,-7.7169,79.74,86,64,8.23
339,Cairns,AU,2022-01-30 22:15:52,-16.9167,145.7667,83.07,82,100,3.44
340,General Roca,AR,2022-01-30 22:15:52,-39.0333,-67.5833,83.62,11,6,24.09
341,Mweka,CD,2022-01-30 22:13:12,-4.85,21.5667,68.22,89,94,1.12
342,Dubbo,AU,2022-01-30 22:15:53,-32.25,148.6167,73.53,78,75,11.5
343,Madison,US,2022-01-30 22:12:23,34.7334,-86.5667,59.88,33,0,11.99
344,Tazovskiy,RU,2022-01-30 22:13:35,67.4667,78.7,-10.93,99,100,8.48
345,Tessalit,ML,2022-01-30 22:11:16,20.1986,1.0114,69.84,14,28,11.07
346,Ardakan,IR,2022-01-30 22:15:54,32.31,54.0175,37.78,30,5,3.04
347,Cravo Norte,CO,2022-01-30 22:15:55,6.3017,-70.2041,92.64,26,100,10.22
348,Kenai,US,2022-01-30 22:13:40,60.5544,-151.2583,23.09,92,0,5.75
349,Flinders,AU,2022-01-30 22:15:55,-34.5833,150.8552,79.81,73,20,7.0
350,Nurota,UZ,2022-01-30 22:15:56,40.5614,65.6886,32.09,75,24,7.09
351,San Quintin,MX,2022-01-30 22:15:56,30.4833,-115.95,64.24,47,1,8.66
352,Vyazma,RU,2022-01-30 22:15:57,55.2104,34.2951,25.77,97,100,6.33
353,Shanghai,CN,2022-01-30 22:12:56,31.2222,121.4581,35.92,62,0,4.0
354,Vila Do Maio,CV,2022-01-30 22:15:58,15.1333,-23.2167,70.59,73,100,20.65
355,Newport,GB,2022-01-30 22:13:45,51.5877,-2.9984,50.25,83,99,1.99
356,Luanda,AO,2022-01-30 22:14:52,-8.8368,13.2343,78.8,83,75,9.22
357,Almaznyy,RU,2022-01-30 22:15:59,48.0448,40.045,33.94,97,100,16.42
358,Sabang,ID,2022-01-30 22:15:59,5.8933,95.3214,81.39,75,86,7.99
359,Beinamar,TD,2022-01-30 22:16:00,8.6698,15.3813,73.67,14,51,8.19
360,Ketchikan,US,2022-01-30 22:16:00,55.3422,-131.6461,37.87,87,100,12.66
361,Urucara,BR,2022-01-30 22:16:01,-2.5364,-57.76,77.34,88,100,2.15
362,Leshukonskoye,RU,2022-01-30 22:16:01,64.8989,45.7622,9.46,95,100,5.93
363,Darhan,MN,2022-01-30 22:15:11,49.4867,105.9228,-16.08,99,44,3.78
364,Batagay-Alyta,RU,2022-01-30 22:12:39,67.8006,130.4114,-21.98,95,70,2.55
365,Xichang,CN,2022-01-30 22:17:03,27.8964,102.2634,36.28,81,96,3.42
366,Nevel,RU,2022-01-30 22:17:03,56.0209,29.9284,26.44,94,93,4.14
367,Linguere,SN,2022-01-30 22:17:04,15.3953,-15.1193,85.19,12,97,9.24
368,Hamilton,US,2022-01-30 22:12:09,39.1834,-84.5333,39.72,58,0,1.99
369,Katsuura,JP,2022-01-30 22:17:05,35.1333,140.3,39.31,52,100,11.48
370,Vitim,RU,2022-01-30 22:17:05,59.4511,112.5578,-6.54,98,100,3.85
371,Victoria,HK,2022-01-30 22:13:17,22.2855,114.1577,58.32,77,86,1.99
372,Nuuk,GL,2022-01-30 22:12:43,64.1835,-51.7216,12.81,67,40,18.41
373,Weligama,LK,2022-01-30 22:17:06,5.9667,80.4167,75.04,93,33,4.72
374,Karratha,AU,2022-01-30 22:13:33,-20.7377,116.8463,82.2,63,61,19.13
375,Port Hedland,AU,2022-01-30 22:15:16,-20.3167,118.5667,80.65,83,94,10.36
376,Yerbogachen,RU,2022-01-30 22:17:07,61.2767,108.0108,-18.09,100,93,3.06
377,Gimli,CA,2022-01-30 22:15:12,50.6336,-96.9907,14.13,79,100,16.11
378,Zarichne,UA,2022-01-30 22:12:17,51.8126,26.129,30.18,92,100,22.32
379,Ust-Kulom,RU,2022-01-30 22:17:08,61.6864,53.6902,-9.27,100,86,2.33
380,Kolo,PL,2022-01-30 22:17:08,52.2002,18.6387,38.25,70,99,23.58
381,Berea,US,2022-01-30 22:17:09,41.3662,-81.8543,26.76,77,100,4.61
382,Dubna,RU,2022-01-30 22:17:09,56.7333,37.1667,21.92,94,100,9.24
383,Taebla,EE,2022-01-30 22:17:10,58.9547,23.7419,27.93,89,100,13.67
384,Hualmay,PE,2022-01-30 22:17:10,-11.0964,-77.6139,72.86,77,100,9.48
385,Nkhotakota,MW,2022-01-30 22:17:11,-12.9274,34.2961,72.1,86,35,4.12
386,Pandhana,IN,2022-01-30 22:17:11,21.7,76.2167,62.6,28,3,4.88
387,Coshocton,US,2022-01-30 22:14:19,40.272,-81.8596,30.97,53,97,1.95
388,Snyder,US,2022-01-30 22:17:12,32.7179,-100.9176,67.51,20,0,10.36
389,Sheridan,US,2022-01-30 22:13:15,44.8333,-106.9173,53.98,22,0,5.75
390,Chara,RU,2022-01-30 22:17:13,56.9064,118.2631,-20.04,90,95,1.57
391,Camacupa,AO,2022-01-30 22:17:13,-12.0167,17.4833,62.4,91,100,4.18
392,Mbini,GQ,2022-01-30 22:17:14,1.574,9.6134,80.51,81,100,6.67
393,Lavrentiya,RU,2022-01-30 22:17:14,65.5833,-171.0,-5.8,90,4,3.74
394,Clyde River,CA,2022-01-30 22:17:15,70.4692,-68.5914,-21.77,76,40,4.61
395,Aksha,RU,2022-01-30 22:17:15,50.2814,113.2867,-15.61,98,32,3.27
396,Upernavik,GL,2022-01-30 22:17:15,72.7868,-56.1549,-3.71,87,100,6.26
397,Wilmington,US,2022-01-30 22:17:16,34.2257,-77.9447,46.0,46,0,10.36
398,Umtata,ZA,2022-01-30 22:17:16,-31.5889,28.7844,66.16,96,100,1.5
399,Ixtapa,MX,2022-01-30 22:17:17,20.7,-105.2,76.23,73,0,12.66
400,Inhambane,MZ,2022-01-30 22:17:18,-23.865,35.3833,74.93,82,67,7.94
401,Klaksvik,FO,2022-01-30 22:17:18,62.2266,-6.589,36.52,78,100,41.85
402,Sulangan,PH,2022-01-30 22:17:19,11.1373,123.7228,81.39,76,70,6.31
403,Richards Bay,ZA,2022-01-30 22:13:25,-28.783,32.0377,71.04,87,98,5.73
404,Bilma,NE,2022-01-30 22:17:20,18.6853,12.9164,59.68,15,0,19.08
405,Saint-Francois,FR,2022-01-30 22:14:07,46.4154,3.9054,38.64,93,100,2.3
406,Oudtshoorn,ZA,2022-01-30 22:17:21,-33.5907,22.2014,66.56,79,86,3.4
407,Zhangye,CN,2022-01-30 22:17:21,38.9342,100.4517,15.85,41,75,1.81
408,Salinopolis,BR,2022-01-30 22:17:22,-0.6136,-47.3561,77.59,87,100,11.1
409,Jintur,IN,2022-01-30 22:17:22,19.6167,76.7,64.35,26,0,3.42
410,Izhevskoye,RU,2022-01-30 22:18:23,54.5567,40.8703,24.76,95,100,12.5
411,Soyo,AO,2022-01-30 22:18:23,-6.1349,12.3689,78.8,86,100,6.22
412,Kokstad,ZA,2022-01-30 22:18:24,-30.5472,29.4241,61.72,96,100,3.31
413,Aksarka,RU,2022-01-30 22:15:58,66.5606,67.7975,-12.5,100,85,4.5
414,Ambon,ID,2022-01-30 22:18:25,-3.6954,128.1814,84.34,70,40,13.8
415,Sisimiut,GL,2022-01-30 22:18:25,66.9395,-53.6735,4.46,82,100,17.2
416,Cabedelo,BR,2022-01-30 22:18:26,-6.9811,-34.8339,81.27,75,13,11.59
417,Batticaloa,LK,2022-01-30 22:18:26,7.7102,81.6924,77.23,85,26,6.11
418,Bahia De Caraquez,EC,2022-01-30 22:18:27,-0.6,-80.4167,78.98,78,100,9.24
419,Awjilah,LY,2022-01-30 22:18:27,29.1081,21.2869,53.55,59,73,14.56
420,La Asuncion,VE,2022-01-30 22:14:57,11.0333,-63.8628,80.33,74,38,14.97
421,Kieta,PG,2022-01-30 22:18:28,-6.2167,155.6333,82.2,81,100,6.71
422,Mehamn,NO,2022-01-30 22:18:28,71.0357,27.8492,30.15,86,75,21.85
423,Vrede,ZA,2022-01-30 22:18:29,-27.4257,29.1659,59.58,97,100,1.57
424,Shangzhi,CN,2022-01-30 22:18:29,45.2167,127.9667,-10.48,100,97,3.83
425,Talcahuano,CL,2022-01-30 22:18:30,-36.7167,-73.1167,67.68,52,0,21.85
426,Constantine,DZ,2022-01-30 22:18:30,36.365,6.6147,38.61,87,0,2.3
427,Henties Bay,NA,2022-01-30 22:18:31,-22.116,14.2845,65.86,80,100,5.88
428,Astoria,US,2022-01-30 22:18:31,46.1879,-123.8313,51.69,90,100,14.0
429,Caratinga,BR,2022-01-30 22:18:31,-19.7897,-42.1392,67.48,88,54,3.11
430,Comodoro Rivadavia,AR,2022-01-30 22:18:32,-45.8667,-67.5,60.66,33,40,8.05
431,Mayo,US,2022-01-30 22:18:32,38.8876,-76.5119,31.86,52,40,3.0
432,Coquimbo,CL,2022-01-30 22:16:19,-29.9533,-71.3436,67.73,72,0,13.8
433,Taoudenni,ML,2022-01-30 22:15:16,22.6783,-3.9836,73.31,14,87,15.61
434,Machinga,MW,2022-01-30 22:18:33,-15.1685,35.3,65.32,93,2,2.35
435,Cap Malheureux,MU,2022-01-30 22:18:34,-19.9842,57.6142,79.29,81,100,3.0
436,Acapulco,MX,2022-01-30 22:18:34,16.8634,-99.8901,84.02,70,20,4.61
437,Kingston,JM,2022-01-30 22:18:14,17.997,-76.7936,77.95,74,75,8.99
438,Galveston,US,2022-01-30 22:15:34,29.3669,-94.9669,72.14,56,0,8.01
439,Mackay,AU,2022-01-30 22:15:33,-21.15,149.2,82.69,80,33,10.71
440,Randfontein,ZA,2022-01-30 22:18:36,-26.1844,27.702,63.7,93,100,4.03
441,Mapiripan,CO,2022-01-30 22:18:36,2.8892,-72.1256,92.86,29,15,10.56
442,Port Keats,AU,2022-01-30 22:18:37,-14.25,129.55,81.61,79,74,20.62
443,Sungaipenuh,ID,2022-01-30 22:18:37,-2.0833,101.3833,64.45,97,94,3.04
444,Tondon,GN,2022-01-30 22:18:38,10.3667,-13.35,76.15,83,21,2.68
445,Kakinada,IN,2022-01-30 22:18:38,16.9333,82.2167,64.35,90,4,2.08
446,Sosnovo-Ozerskoye,RU,2022-01-30 22:18:39,52.5249,111.5418,-27.9,100,94,2.53
447,La Victoria,VE,2022-01-30 22:18:39,10.2184,-67.3302,78.04,51,84,3.74
448,Krasnokamensk,RU,2022-01-30 22:18:40,50.0979,118.0369,-17.32,96,8,3.58
449,Olonets,RU,2022-01-30 22:18:40,60.9847,32.9698,21.94,95,100,8.95
450,Kargasok,RU,2022-01-30 22:18:41,59.0556,80.8572,7.2,95,100,8.88
451,Abnub,EG,2022-01-30 22:18:41,27.2696,31.1511,50.49,46,1,7.4
452,Bonavista,CA,2022-01-30 22:18:42,48.6499,-53.1147,39.11,69,100,36.55
453,Hauterive,FR,2022-01-30 22:18:42,46.0901,3.4459,41.76,94,4,1.45
454,Ayutla,MX,2022-01-30 22:18:43,20.1167,-104.3333,80.2,25,10,12.46
455,Huntington,US,2022-01-30 22:18:43,38.4193,-82.4452,43.0,50,40,10.36
456,Kosh-Agach,RU,2022-01-30 22:18:44,50.0,88.6667,-23.26,81,50,2.73
457,Muros,ES,2022-01-30 22:19:44,42.7762,-9.0603,50.85,64,0,5.44
458,Port Hueneme,US,2022-01-30 22:19:45,34.1478,-119.1951,79.14,44,0,8.05
459,Robe,AU,2022-01-30 22:19:45,-37.1833,139.75,65.28,90,45,2.64
460,Fort Nelson,CA,2022-01-30 22:19:46,58.8053,-122.7002,0.99,71,75,13.8
461,Douglas,US,2022-01-30 22:18:09,41.3,-96.167,41.86,50,0,3.0
462,Imeni Poliny Osipenko,RU,2022-01-30 22:19:46,52.4201,136.4853,-6.75,99,100,5.32
463,Panzhihua,CN,2022-01-30 22:17:22,26.5851,101.7128,44.04,66,28,2.26
464,Wajir,KE,2022-01-30 22:19:47,1.7471,40.0573,82.99,30,47,10.0
465,Sehithwa,BW,2022-01-30 22:19:48,-20.4667,22.7167,68.79,88,81,7.02
466,Katsina,NG,2022-01-30 22:19:48,12.9894,7.6006,63.52,13,82,13.67
467,Staunton,US,2022-01-30 22:19:49,38.1496,-79.0717,31.89,41,100,1.01
468,Teknaf,BD,2022-01-30 22:19:49,20.8624,92.3058,57.69,67,0,8.41
469,Camabatela,AO,2022-01-30 22:19:50,-8.1881,15.375,62.37,98,100,2.95
470,Riyadh,SA,2022-01-30 22:16:22,24.6877,46.7219,55.54,43,0,10.67
471,Marechal Candido Rondon,BR,2022-01-30 22:19:51,-24.5561,-54.0567,76.96,76,11,4.59
472,Rock Sound,BS,2022-01-30 22:19:51,24.9,-76.2,65.79,65,97,14.63
473,Boa Vista,BR,2022-01-30 22:19:52,2.8197,-60.6733,91.38,38,40,10.36
474,Kalaleh,IR,2022-01-30 22:19:52,37.3807,55.4916,44.65,46,0,5.1
475,Forestville,US,2022-01-30 22:19:53,38.8451,-76.875,31.46,48,100,6.91
476,Los Llanos De Aridane,ES,2022-01-30 22:19:53,28.6585,-17.9182,58.75,78,0,8.01
477,Caravelas,BR,2022-01-30 22:19:53,-17.7125,-39.2481,79.61,83,22,11.5
478,Buraydah,SA,2022-01-30 22:19:54,26.326,43.975,55.85,40,83,11.79
479,Tchollire,CM,2022-01-30 22:19:54,8.4022,14.1698,67.57,18,20,1.14
480,Adana,TR,2022-01-30 22:19:55,36.985,35.2881,48.22,61,75,10.36
481,Kiunga,PG,2022-01-30 22:19:55,-6.1219,141.2906,73.18,95,100,1.32
482,Robinson,US,2022-01-30 22:19:56,31.4677,-97.1147,71.15,24,0,7.0
483,Marevo,RU,2022-01-30 22:19:56,57.3146,32.0804,24.67,94,100,6.58
484,Sibu,MY,2022-01-30 22:19:57,2.3,111.8167,75.51,94,20,3.44
485,Kidal,ML,2022-01-30 22:19:57,18.4411,1.4078,70.2,14,69,11.92
486,Bonnyville,CA,2022-01-30 22:19:58,54.2668,-110.735,33.6,94,100,2.68
487,Tucuma,BR,2022-01-30 22:19:58,-0.1833,-50.05,75.36,91,89,6.38
488,Orlik,RU,2022-01-30 22:19:59,52.5178,99.825,-25.71,94,64,2.39
489,Rosarito,MX,2022-01-30 22:20:00,32.3333,-117.0333,72.21,42,0,9.06
490,Okhotsk,RU,2022-01-30 22:20:00,59.3833,143.3,13.64,73,100,17.78
491,Pecos,US,2022-01-30 22:15:44,31.4229,-103.4932,68.09,22,40,6.91
492,Alekseyevka,RU,2022-01-30 22:20:02,50.6309,38.6903,30.92,96,100,14.52
493,Nijar,ES,2022-01-30 22:20:03,36.9665,-2.206,48.65,40,0,4.61
494,Umred,IN,2022-01-30 22:20:03,20.85,79.3333,53.89,28,0,3.11
495,Zhuhai,CN,2022-01-30 22:20:04,22.2769,113.5678,58.05,76,40,17.27
496,Columbus,US,2022-01-30 22:17:23,39.9612,-82.9988,32.79,57,0,5.75
497,Channel-Port Aux Basques,CA,2022-01-30 22:20:05,47.5702,-59.1367,25.11,80,100,32.03
498,Hobyo,SO,2022-01-30 22:20:05,5.3505,48.5268,76.57,79,95,16.82
499,Hovd,MN,2022-01-30 22:20:06,48.0056,91.6419,-14.03,81,24,1.88
500,Husavik,IS,2022-01-30 22:20:06,66.0449,-17.3389,24.71,67,40,27.76
501,Vokhtoga,RU,2022-01-30 22:20:07,58.8147,41.0461,14.41,96,100,7.36
502,Mountain Home,US,2022-01-30 22:20:07,43.133,-115.6912,28.94,67,56,5.88
503,Mirnyy,RU,2022-01-30 22:20:08,62.5353,113.9611,-22.77,67,97,4.0
504,Ofunato,JP,2022-01-30 22:20:08,39.0717,141.7167,25.27,66,26,12.08
505,Sur,OM,2022-01-30 22:20:09,22.5667,59.5289,71.37,65,0,5.23
506,Lima,PE,2022-01-30 22:20:26,-12.0432,-77.0282,72.9,76,0,1.99
507,Kamenka,RU,2022-01-30 22:21:09,51.3223,42.7678,26.74,95,100,13.76
508,Esso,RU,2022-01-30 22:18:35,55.9333,158.7,14.5,96,100,5.59
509,Adre,TD,2022-01-30 22:21:10,13.4667,22.2,61.74,16,2,15.05
510,Asau,RO,2022-01-30 22:21:10,46.4333,26.4,40.39,68,99,18.52
511,Portland,US,2022-01-30 22:17:00,45.5234,-122.6762,53.37,73,100,4.0
512,Maun,BW,2022-01-30 22:20:59,-19.9833,23.4167,67.93,89,90,7.9
513,Sokolo,ML,2022-01-30 22:21:12,14.7328,-6.1219,78.48,14,34,9.84
514,Kabo,CF,2022-01-30 22:21:12,7.6994,18.629,74.39,19,41,4.88
515,Faya,SA,2022-01-30 22:21:12,18.3851,42.4509,55.51,84,11,4.23
516,Sao Felix Do Xingu,BR,2022-01-30 22:21:13,-6.6447,-51.995,70.21,95,100,1.5
517,Marystown,CA,2022-01-30 22:21:13,47.1666,-55.1483,37.85,100,95,5.01
518,Dawei,MM,2022-01-30 22:21:14,14.0833,98.2,63.45,90,9,3.31
519,Vanimo,PG,2022-01-30 22:20:01,-2.6741,141.3028,76.5,89,100,8.48
520,Puerto Colombia,CO,2022-01-30 22:21:15,10.9878,-74.9547,84.29,75,4,19.33
521,Coihueco,CL,2022-01-30 22:21:15,-36.6167,-71.8333,79.54,36,20,13.8
522,Novyy Urengoy,RU,2022-01-30 22:19:20,66.0833,76.6333,-12.42,100,96,6.49
523,Shiyan,CN,2022-01-30 22:21:16,32.6475,110.7781,36.66,75,100,3.15
524,Ballitoville,ZA,2022-01-30 22:21:16,-29.539,31.2144,75.24,88,0,5.75
525,Barashevo,RU,2022-01-30 22:21:17,54.5325,42.8792,20.64,95,99,8.34
526,Wamba,NG,2022-01-30 22:21:17,8.9333,8.6,70.38,16,94,4.52
527,Isny,DE,2022-01-30 22:21:18,47.7,10.0333,33.3,57,74,3.18
528,Kitob,UZ,2022-01-30 22:21:18,39.0843,66.8332,32.58,56,1,3.85
529,Bongaree,AU,2022-01-30 22:21:19,-27.0797,153.1586,82.35,79,52,10.54
530,Bakchar,RU,2022-01-30 22:18:56,57.0186,82.0711,4.3,97,91,5.14
531,Meulaboh,ID,2022-01-30 22:21:20,4.1363,96.1285,76.55,86,86,3.22
532,Rjukan,NO,2022-01-30 22:21:20,59.8789,8.5941,20.44,89,99,3.89
533,Nhulunbuy,AU,2022-01-30 22:21:20,-12.2333,136.7667,83.01,89,40,10.36
534,Morozovsk,RU,2022-01-30 22:21:21,48.3539,41.8261,34.09,97,100,18.23
535,Coahuayana,MX,2022-01-30 22:21:21,18.7333,-103.6833,90.88,30,0,7.0
536,Kikwit,CD,2022-01-30 22:21:22,-5.041,18.8162,75.6,72,100,0.38
537,Iranshahr,IR,2022-01-30 22:21:22,27.2025,60.6848,61.5,55,0,1.43
538,Foz,ES,2022-01-30 22:21:23,43.5692,-7.2544,50.41,90,66,5.99
539,Bismarck,US,2022-01-30 22:21:23,46.8083,-100.7837,42.87,59,0,13.8
